TSSscoreStrong7,sevenpeps
79,DNNYPGG
78,LPVHPPP
78,PVHPPPL
76,IMHDVWH
76,DTITKKG
75,NTVSKKG
74,GMRPKLG
73,QLDTPGR
71,PDKYPSK
70,GDNNYPG
70,DDTITKK
69,QNTAPKG
69,PSDKPPK
69,DDYRPSK
69,EVRDGHS
69,NMRVEFK
67.4,SLPVHPP
67.4,PMPQNKP
67.4,QVRADVK
67,GGMPHNP
66.4,FPWMRPR
66.4,FGGMRPK
66.4,FDGRDAK
66,VDECSRP
66,KEYPPNK
66,DNSVQRK
66,NNYPGGV
64,PTPDGDP
64,DNTVSKK
64,FCGSKKP
63.4,VLHDNKH
63,PVFPRQP
63,NSGVLPK
63,DKYPSKK
62,PVYQGQP
62,QSGGPPR
61,PWMRPRE
61,WMRPREH
61,VYQGQPP
61,YPDDYRP
61,PDDYRPS
61,DYRPSKV
61,LEVRDGH
61,VRDGHSE
60.2,KYPSKKE
59.4,EGNDVCK
59.4,NDVCKYD
58.4,FCGSEKP
58,PVAGTKG
57,GGMRPKL
57,FVEVRSG
57,QYNNMRV
57,GRDAKAP
57,QDTLHSR
57,QDTLHSR
56.2,GMPHNPA
56.2,SQYNNMR
56.2,GDSVLVK
56,SKVCIWR
56,KVCIWRI
56,DTLHSRK
56,DTLHSRK
55.2,FGDNNYP
55,APSDKPP
54.4,DTPGRLG
54,PMAYGAM
54,GTKGPEK
54,PDGDPAN
54,GQSGGPP
54,ITSPGWP
54,SKDNGGC
54,KDNGGCQ
54,ITSPNWP
54,ISSTPGH
54,YCGSGPP
53.4,PDKRRCE
53.4,LAPDKRR
53,AVPVFPR
53,PRQPGTP
53,MRPREHE
53,VHPPPLP
53,PEDDEPG
53,QIMHDVW
53,MHDVWHF
53,VWRYQEP
53,GNDVCKY
53,NSVQRKG
52.2,MHGLLPP
52.2,MRPKLGG
52.2,YCGYEKP
52.2,RFCGSKK
52.2,RYCGSGP
52,IQNTAPK
52,FADPEGP
52,VAGTKGP
52,GADVTTP
52,FVLHDNK
51.4,NYPGGVD
51.2,DCVNTFG
51,QPGTPGM
51,PKEYPPN
50,GGRGGPM
50,GSRMFLR
49,QYEYSLP
49,AGGRGGP
49,GSITSPG
49,AGCDHKV
49,GCDHKVT
49,GRFCGSK
49,GRYCGSG
48.8,KPPKAEV
48.8,DVWHFKE
48.8,DYLEVRD
48.8,PGWPKEY
48.8,PGHRVKL
48.8,PPHSSFP
48.8,PHSSFPW
48.8,YSLPVHP
48.8,KGGPQPP
48.8,QPPLQQK
48.8,VAPSDKP
48.8,KLGGMPH
48.8,YGHIQSP
48.8,NYPDDYR
48.8,ELAPDKR
48.8,SSTPGHR
48.4,VCIWRIQ
48.2,GRGGPMA
48.2,CSKDNGG
48.2,EAGCDHK
48,NTAPKGG
48,PKGGPQP
48,LDTPGRL
48,PLMTPGL
47.2,NQLDTPG
47.2,DPLMTPG
46.4,YDFVEVR
46.4,GSGPPEE
46.4,SDDTITK
46.2,APDKRRC
46,TPDGDPA
46,ADVTTPL
46,SITSPGW
46,DSKLHGK
46,EVFDGRD
46,SDNSVQR
46,CGSGPPE
45.4,SDNTVSK
45,PPVYQGQ
45,GFGGMRP
45,QVSEGFH
45,KCSCDPG
44.8,GGPPRVT
44.8,GPPRVTP
44.8,GMSSAVP
44.8,GGLLAHP
44.4,DKPPKAE
44.4,NWPDKYP
44,VPVFPRQ
44,PPRVTPA
44,HDVWHFK
44,CSRPNRG
44,VEVRSGL
44,QCRSGFV
44,GTITSPN
44,DGRDAKA
44,KDLYSHA
44,DSVLVKF
43.4,GYEKPDD
43,PGTPGMA
43,SDKPPKA
43,PTNSGVL
43,PQNKPSP
43,FVSDGSI
43,WPKEYPP
43,GGVDCEW
43,TITKKGF
42.4,QVAPSDK
42.4,GGPMAYG
42.4,DYGHIQS
42.4,YLEVRDG
42.4,RDGHSES
42.4,YNNMRVE
42.4,ECQCRSG
42.4,VRADVKT
42.4,QQPGQKP
42.4,PSPLYPG
42.4,AGQSGGP
42.2,DNKHDCK
42.2,RADVKTK
42.2,ADVKTKD
42,LGGMPHN
42,TVSKKGF
41.6,KYDFVEV
41.6,GGQVRAD
41.6,GQVRADV
41.6,SFPWMRP
41.6,PPPLPSQ
41.6,PGQKPFL
41.6,QGQPPLQ
41.6,ISQGPMP
41.6,QGPMPQN
41.6,MPHNPAM
41.6,KGPEKGE
41.6,YDYLEVR
41.6,TSPGWPK
41.6,SPGWPKE
41.6,YPPNKNC
41.6,YPSKKEC
41.6,STPGHRV
41.6,TPGHRVK
41.6,PECAYDH
41.6,DVKTKDL
41.6,PPLPSQP
41.6,QPGQKPF
41.6,GPMPQNK
41.6,MPQNKPS
41.6,KPSPLYP
41.6,PGLARGP
41.4,GLPTNSG
41.4,FDSPVAG
41.4,LKFVSDG
41,DFVEVRS
41,KDECSKD
41,NKHDCKE
41,PVLGRFC
41,PRLGRYC
41,SVLVKFH
40.8,QPQIMHD
40.8,TEGNDVC
40.8,NSLWMHG
40.8,TAPKGGP
40.8,QPPVYQG
40.8,YGAMFPG
40.8,NPDLLPG
40.6,FPRQPGT
40.6,SSFPWMR
40.6,LEVFDGR
40.2,SPVAGTK
40.2,DIYETYG
40.2,NTLGSYK
40.2,EYPPNKN
40,FNSLWMH
40,QSPNYPD
40,TITSPNW
39.8,QQDCVNT
39.4,GVLPKTE
39.4,DDEPGLA
39.4,EMAGGRG
39.2,IQSPNYP
39,PRVTPAD
39,DVTTPLE
39,QTLMPES
39,PSKVCIW
39,KPDDIKS
39,PDDIKST
39,VLATGSR
39,YDSTAPR
39,DSTAPRL
38.4,GMDFADP
38.4,PHNPAMG
38.4,HDNKHDC
38.4,GHRVKLT
38.4,GWPKEYP
38.4,ITKKGFH
38.2,EKPDDIK
38,PGFGGMR
38,LPGVAPG
38,PGVAPGA
38,CGYEKPD
38,RPNRGGC
38,PNRGGCE
38,MRVEFKS
38,WPDKYPS
38,VFDGRDA
37.8,PGLADIY
37.8,DDIKSTS
37.8,DCEWVIV
37.8,TDTTAVP
37.6,QNKPSPL
37.6,PNYPDDY
37.6,TSQYNNM
37.6,NNMRVEF
37.6,PNWPDKY
37.6,QFGDNNY
37.6,GYGVELV
37.6,GGPQPPV
37.6,GPQPPVY
37.6,SGGPPRV
37.6,ECSKDNG
37.6,GYDSTAP
37.6,PNKNCIW
37.4,GSPTPDG
37.4,DTTAVPD
37.4,TQQTLMP
37.4,PTQYRIS
37.4,RYCGYEK
37.4,VAPTQYR
37.2,KKGFKAH
37.2,KKGFHLR
37,VFPRQPG
37,NKNCIWQ
37,CVNTFGS
37,KAPVLGR
36.6,FKSDNTV
36.6,FYSDNSV
36.6,KVTSTSG
36.6,TEGKQLP
36.6,TAPRLGR
36.4,WMHGLLP
36.4,VSKKGFK
36,QYSRFGF
36,SRFGFGK
36,PKTEGKQ
36,KTEGKQL
36,DFADPEG
36,GPMAYGA
36,NPAMGGD
36,PDLLPGV
36,PADADPL
36,ADADPLM
36,KFVSDGS
36,CQCRSGF
36,SGTITSP
36,APVLGRF
36,TKDLYSH
36,APRLGRY
35.8,TPGRLGI
35.4,GTPGMAS
35.4,QDCVNTF
35.4,DEPGLAR
35.2,SQYSRFG
35.2,LPKTEGK
35.2,TPADADP
35.2,VWHFKEP
35.2,YRPSKVC
35.2,RDAKAPV
35.2,VLVKFHS
35,LPTNSGV
35,TNSGVLP
35,FYMSYGA
35,SYECQCR
35,ATECGGQ
35,GVDCEWV
34.8,VTNIQNT
34.8,DKRRCEA
34.4,RPREHET
34.4,VLPKTEG
34.4,PQIMHDV
34.4,HDAWHFQ
34.4,KLHGKFC
34.4,VLGRFCG
34.4,VQRKGFQ
34.4,RLGRYCG
34.4,RQPGTPG
34.4,HGLLPPH
34.4,HPPPLPS
34.4,YQGQPPL
34.4,SQGPMPQ
34.4,TKGPEKG
34.4,AQGSPTP
34.4,QGSPTPD
34.4,KGFKAHF
34.4,KGFHLRY
34.2,KIPLSKM
34.2,ADPEGPS
34.2,IFYMSYG
34,EEMAGGR
33.8,SPTPDGD
33.8,LISQGPM
33.8,PGRLGIM
33.6,RGGPMAY
33.6,DVCKYDF
33.6,QRKGFQA
33.6,PQQPGQK
33.6,APKGGPQ
33.6,DPEGPSV
33.6,PLYPGIF
33.6,MAGGRGG
33.6,KEAGCDH
33.6,CGSKKPE
33.6,LQPQQPG
33.6,QPQQPGQ
33.6,EPGLARG
33.6,RGGCEQR
33.6,CGSEKPE
33,PKLGGMP
33,EDDEPGL
33,FAVNFFK
33,EVDECSR
33,DECSRPN
33,DKDECSK
32.8,PQPPVYQ
32.8,TYGADVT
32.8,YPGGVDC
32.8,MELFDGY
32.8,HSSFPWM
32.8,QQPQIMH
32.8,CGGFLTK
32.6,EFKSDNT
32.6,SGFVLHD
32.6,FGFGKSF
32.6,SEGFHVG
32.4,GSKKPEP
32.2,SGVLPKT
32.2,SRPNRGG
32.2,NRGGCEQ
32.2,KHDCKEA
32.2,TSPNWPD
32.2,SVQRKGF
32,GLLPPHS
32,QQKEGPM
32,GLARGPA
32,SPNYPDD
32,GFHVGLT
32,GRYCGYE
32,SPNWPDK
32,FQDTLHS
32,FQDTLHS
31.8,CDHKVTS
31.8,PSKKECT
31.8,SGPPEEV
31.6,VTTPLEE
31.6,FETEGND
31.6,IPLSKMK
31.4,ECGGQVR
31.2,KSDNTVS
31.2,LHDNKHD
31.2,KFQDTLH
31.2,KFQDTLH
31,IYETYGA
31,QQTLMPE
31,TLMPESK
31,APTQYRI
31,TADSKLH
31,PVLATGS
31,DCGYDYM
30.8,ADPLMTP
30.6,VIVAEEG
30.4,GVAPGAL
30.4,LIGRYCG
30.4,AGDSVLV
30.2,EYSLPVH
30.2,QKPFLQS
30.2,PPKAEVI
30.2,NKPSPLY
30.2,HPEDDEP
30.2,YELAPDK
30.2,KRRCEAA
30.2,ETEGNDV
30.2,DHKVTST
30.2,KKPEPVL
30.2,EPVLATG
30.2,GPPEEVY
30.2,KMKDLIL
30.2,PMLEQQV
30.2,QYRISLQ
30,AYGAMFP
30,FPGFGGM
30,KFCGSEK
29.8,NCIWQLV
29.8,AEEGYGV
29.6,GPEKGEG
29.6,GGAQGSP
29.4,ANQLDTP
29.4,HDCKEAG
29.2,AGTKGPE
29,AMFPGFG
29,IGRYCGY
29,ADSKLHG
28.8,ETQQYEY
28.8,GQKPFLQ
28.8,GQPPLQQ
28.8,KLTFMEM
28.4,KEGPMLE
28.4,VAEEGYG
28.2,PEVITSQ
28.2,DNGGCQQ
28,YSRFGFG
28,QKEGPML
28,SPLYPGI
28,HNPAMGG
28,PAMGGDF
28,LARGPAG
28,TTAVPDT
28,ECSRPNR
28,CSCDPGY
28,NGSITSP
28,SKLHGKF
28,VDCEWVI
28,FDGYDST
28,STAPRLG
27.8,LATGSRM
27.8,HSDDTIT
27.6,FLTKLNG
27.4,GLADIYE
27.4,VYSAGDS
27.2,RFGFGKS
27.2,GSINKAG
27.2,YKCSCDP
27,NIQNTAP
27,PEKGEGG
27,ARGPAGQ
27,FHVGLTF
27,KNCIWQL
27,EVRSGLT
27,GLTADSK
27,VNTFGSY
27,HATECGG
27,LGRYCGS
26.6,RPKLGGM
26.6,DGDPANL
26.6,RVKLTFM
26.6,EVYSAGD
26.6,PGYELAP
26.4,KPEVITS
26.4,ELFDGYD
26.4,RGPAGQS
26.4,GSEKPEV
26.4,RLISQGP
26.4,VAPGALG
26.4,PAGQSGG
26.2,YGADVTT
26.2,EGFHVGL
26.2,GFVLHDN
26.2,KAGFAVN
26.2,VITSQYN
26.2,VEFKSDN
26.2,DECSKDN
26.2,GDPANLE
26,ETMRQLG
26,TMRQLGS
26,GAMFPGF
26,SFEIERH
26,FEIERHD
26,VTSTSGT
25.8,PLSKMKD
25.8,SAVPVFP
25.8,YPGIFYM
25.8,VCKYDFV
25.8,DHLEVFD
25.8,EETDCGY
25.8,DYMELFD
25.6,MFPGFGG
25.6,EKPEVIT
25.6,LQQKEGP
25.6,KGEGGAQ
25.6,APGALGG
25.6,PGALGGL
25.6,DCKEAGC
25.6,CGGQVRA
25.4,KSGLPTN
25.4,EAKSGLP
25.4,RSGFVLH
25.2,VTPADAD
25.2,PTDTTAV
25.2,KTKDLYS
25,SFNSLWM
25,STLIGRY
25,SSRLWLK
25,KEVDECS
25,SCDPGYE
24.8,SDGSINK
24.8,NFFKEVD
24.8,GGCEQRC
24.8,GYELAPD
24.8,ITSQYNN
24.6,MLSQYSR
24,KSFNSLW
24,VSEGFHV
24,AVNFFKE
23.8,DGHSESS
23.8,LPPHSSF
23.8,QPSLQPQ
23.8,PPLQQKE
23.8,LEQQVAP
23.8,QQVAPSD
23.8,DAWHFQE
23.8,DSCAYDY
23.8,YEKPDDI
23.8,DGSINKA
23.8,CDPGYEL
23.8,PPNKNCI
23.8,GCQQDCV
23.8,YECQCRS
23.8,STSGTIT
23.8,KPEPVLA
23.8,KGFQASH
23.8,VKTKDLY
23.8,IVAEEGY
23.6,AHFFSDK
23.6,FSDKDEC
23.6,AYDHLEV
23.6,TLEFDSP
23.4,GCEQRCL
23.4,ATGSRMF
23.4,EEGYGVE
23.4,GYDYMEL
23.4,LKIPLSK
23.4,GEGGAQG
23,PREHETQ
23,SQPSLQP
23,SLQPQQP
23,GKQLPGM
23,KQLPGMD
23,ENPDLLP
23,GLLAHPE
23,LMTPGLA
23,GHIQSPN
23,SKKECTW
23,KKECTWA
23,HRVKLTF
23,FMEMDIE
23,QPECAYD
23,SKKPEPV
23,VKFHSDD
23,LSKMKDL
23,LLPPHSS
23,AYDYLEV
23,SKMKDLI
23,DADPLMT
23,TQYRISL
22.8,FGKSFNS
22.8,SGLPTNS
22.8,WLKFVSD
22.8,FLRFYSD
22.8,FHLRYTS
22.6,CIWRIQV
22.6,EEETDCG
22.6,TKKGFHL
22.4,TQQYEYS
22.4,GVELVFQ
22.4,FGSYECQ
22.4,YMELFDG
22.2,GPAGQSG
22.2,MTPGLAD
22.2,DPGYELA
22.2,HGKFCGS
22.2,HAQFGDN
22,FKAHFFS
22,HLEVFDG
22,LEFDSPV
22,FFSDKDE
21.6,CQQDCVN
21.6,DSPVAGT
21.6,TGSRMFL
21.4,LTFMEMD
21.4,QLVAPTQ
21.4,KECTWAI
21.2,QSAIVTN
21,MAYGAMF
21,AISSTPG
21,SRMFLRF
20.8,TPGMASL
20.8,PKAEVIS
20.8,PANLENP
20.8,FKEVDEC
20.8,NGGCQQD
20.8,AQFGDNN
20.6,TAVPDTQ
20.6,HIQSPNY
20.6,GSYKCSC
20.2,LLPGVAP
20.2,IWRIQVS
20.2,IKSTSSR
20.2,IWQLVAP
20.2,YSDNSVQ
20,TECGGQV
20,LFDGYDS
19.8,GIFYMSY
19.8,ADIYETY
19.8,GGFLTKL
19.8,TDCGYDY
19.8,YSAGDSV
19.6,LQSAIVT
19.6,RFYSDNS
19.4,ETDCGYD
19.4,QLPGMDF
19.4,RMFLRFY
19.2,TPLEETP
19.2,LSLETMR
19.2,QRCLNTL
19.2,TLGSYKC
19.2,LHGKFCG
19,YMSYGAN
19,TLIGRYC
19,STSSRLW
19,VSDGSIN
19,VRSGLTA
19,CAYDHLE
19,DLYSHAQ
19,LGMSSAV
19,ETYGADV
19,VNFFKEV
18.8,IMSSEEM
18.8,PLEETPT
18.8,DTQQTLM
18.8,LVAPTQY
18.8,FEVEEET
18.8,KFHSDDT
18.6,PGMDFAD
18.4,PEGPSVF
18.4,FFKEVDE
18.4,PPEEVYS
18.4,GLNMLSQ
18.4,EKGEGGA
18.4,RIQVSEG
18.4,MDIESQP
18.4,EEVYSAG
18.2,LSQYSRF
18.2,AKSGLPT
18.2,SSTLIGR
18.2,RCLNTLG
18,SLWMHGL
18,EFDSPVA
18,LEETPTD
18,GSYECQC
18,STKFQDT
18,RVTPADA
18,LRFYSDN
18,VFQTFEV
17.6,MSALKIP
17.6,EGKQLPG
17.6,CKYDFVE
17.6,PLPSQPS
17.6,PLQQKEG
17.6,HFFSDKD
17.4,NMLSQYS
17.4,AIVTNIQ
17.4,TSGTITS
17.4,EQQVAPS
17.4,LMPESKA
17.4,EQRCLNT
17.4,RVEFKSD
17.4,RYTSTKF
17.2,ECAYDHL
17.2,TFMEMDI
17.2,EGYGVEL
17,YEYSLPV
17,GRLGIMS
17,DIESQPE
17,CGYDYME
16.8,AMGGDFT
16.6,GAQGSPT
16.6,SKKGFKA
16.6,MSSAVPV
16.6,LNMLSQY
16.6,MDFADPE
16.6,PGIFYMS
16.6,LADIYET
16.6,MPESKAQ
16.6,RPSKVCI
16.6,QFDFFET
16.6,DFFETEG
16.6,DAKAPVL
16.6,AKAPVLG
16.6,VEEETDC
16.6,LVKFHSD
16.4,FDFFETE
16.4,KAEVISF
16.4,SHATECG
16.2,QQYEYSL
16.2,CEAACGG
16.2,IVTNIQN
16,YETYGAD
16,LGRFCGS
16,PGGVDCE
15.8,GFKAHFF
15.8,GFHLRYT
15.8,LGGLLAH
15.8,YSHAQFG
15.8,SLQGLNM
15.8,LYPGIFY
15.8,MGGDFTL
15.8,LAHPEDD
15.8,HDSCAYD
15.8,KLNGSIT
15.8,KAHFFSD
15.8,YDHLEVF
15.6,GFGKSFN
15.4,QSFEIER
15.2,GPMLEQQ
15.2,NTFGSYE
15,FSEAKSG
15,VPDTQQT
15,PDTQQTL
15,NKAGFAV
15,GKFCGSE
15,GGCQQDC
15,RCEAACG
15,RKGFQAS
14.8,SAIVTNI
14.8,IERHDSC
14.6,SLETMRQ
14.6,FHSDDTI
14.4,LNTLGSY
14.4,SDKDECS
14.4,VKLTFME
14.4,CEWVIVA
14.4,SAGDSVL
14.2,AVPDTQQ
14.2,TTPLEET
14,GANQLDT
14,SEEMAGG
14,KSTSSRL
14,GFLTKLN
14,LTADSKL
13.8,EETPTDT
13.6,FLQSAIV
13.6,DFTLEFD
13.6,NLENPDL
13.6,VELVFQT
13.4,QTFEVEE
13.4,FTLEFDS
13.4,LGSYKCS
13.2,YGVELVF
13,GDFTLEF
13,ETPTDTT
13,FFETEGN
12.8,KDLILIL
12.8,AQQPQIM
12.8,EVITSQY
12.6,TFGSYEC
12.6,PEPVLAT
12.6,FQTFEVE
12.6,TKFQDTL
12.6,TKFQDTL
12.4,INKAGFA
12.4,DGYDSTA
12.2,AWHFQEP
12.2,AHPEDDE
12,LETMRQL
12,IQVSEGF
12,SRLWLKF
12,CLNTLGS
12,PEEVYSA
12,MKDLILI
12,TPGLADI
12,DIKSTSS
12,SEKPEVI
11.8,YGANQLD
11.6,ESKAQQP
11.6,WAISSTP
11.6,LRYTSTK
11.6,EHETQQY
11.6,KPFLQSA
11.6,DPANLEN
11.6,ANLENPD
11.6,WRIQVSE
11.6,RHDSCAY
11.6,AGFAVNF
11.6,RRCEAAC
11.6,WQLVAPT
11.6,HKVTSTS
11.6,TSTKFQD
11.4,GFAVNFF
11.4,SVFQIAR
11.4,YDYMELF
11.2,MRQLGSL
11,PSVFQIA
11,MSYGANQ
11,CRSGFVL
11,CKEAGCD
10.8,EVEEETD
10.6,RLWLKFV
10.6,RISLQFD
10.6,FQASHAT
10.4,QLGSLQG
10.4,LQGLNML
10.4,DLLPGVA
10.2,HETQQYE
10.2,SYKCSCD
10.2,TSTSGTI
9.8,EGPMLEQ
9.4,HVGLTFQ
9.4,PSQPSLQ
9.4,EGPSVFQ
9.4,MFLRFYS
9,TSSRLWL
8.8,PGMASLS
8.8,SHAQFGD
8.6,ILCLLGM
8.6,LWMHGLL
8.6,SQPECAY
8.4,EAACGGF
8.4,ACGGFLT
8.2,LPGMDFA
8.2,CTWAISS
8,QGLNMLS
8,WVIVAEE
8,GPSVFQI
7.8,SKAQQPQ
7.8,SINKAGF
7.6,GKSFNSL
7.6,TNIQNTA
7.6,EIERHDS
7.6,GHSESST
7.6,RSGLTAD
7.4,YTSTKFQ
7.2,SSAVPVF
7,GALGGLL
7,TKLNGSI
6.8,LWLKFVS
6.6,TPTDTTA
6.2,ISLQFDF
6.2,LTKLNGS
6,PESKAQQ
6,QASHATE
5.6,SALKIPL
5.6,QIARLIS
5.4,FQIARLI
5.4,LNGSITS
5.2,GSLQGLN
5.2,MLEQQVA
5.2,ERHDSCA
5.2,SCAYDYL
5.2,HLRYTST
5.2,GFQASHA
5,GGDFTLE
5,LLAHPED
4.8,DLILILC
4.8,ALKIPLS
4.6,EGGAQGS
4.4,REHETQQ
4.4,PSLQPQQ
4.4,ARLISQG
4.4,KAQQPQI
4.4,LENPDLL
4.4,CEQRCLN
4.4,YRISLQF
4.4,ESQPECA
4.4,LPSQPSL
4.4,IESQPEC
4.4,ISFSEAK
4,CIWQLVA
3.6,VGLTFQS
3.6,ECTWAIS
3.2,SSEEMAG
3,CAYDYLE
2.8,CLLGMSS
2.4,RLGIMSS
2.2,SYGANQL
2.2,ELVFQTF
2,LCLLGMS
2,AACGGFL
2,LQFDFFE
1.6,GIMSSEE
1.4,VFQIARL
1.2,SGLTADS
1.2,GMASLSL
0.600000000000001,SLSLETM
0.600000000000001,TWAISST
0.599999999999999,EMDIESQ
0,EWVIVAE
-0.200000000000002,SLQFDFF
-0.4,SEAKSGL
-0.400000000000001,LYSHAQF
-0.600000000000001,IARLISQ
-1.6,ESSTLIG
-2,LGSLQGL
-2,SFSEAKS
-2,LVFQTFE
-2.2,ASHATEC
-3.4,MSSEEMA
-3.4,MEMDIES
-3.6,RQLGSLQ
-3.6,LLGMSSA
-4,LGIMSSE
-4.4,AEVISFS
-5,PFLQSAI
-5,TFQSFEI
-5.2,TFEVEEE
-7,HSESSTL
-7,EVISFSE
-7.6,ALGGLLA
-7.8,LILCLLG
-8,GLTFQSF
-10.4,FQSFEIE
-11.2,ASLSLET
-11.4,VISFSEA
-13,SESSTLI
-13.4,LTFQSFE
-15.6,MASLSLE
-17,ILILCLL
-17.8,LILILCL
